BioProject,SRA_ID
PRJNA608616,10287618
PRJNA608616,10287617
PRJNA608616,10287616
PRJNA608616,10287615
PRJNA608616,10287614
PRJNA608616,10287613
PRJNA608616,10287612
PRJNA608616,10287611
PRJNA608616,10287610
PRJNA608616,10287609
PRJNA608616,10287608
PRJNA608616,10287607
PRJNA735693,14749631
PRJNA735693,14749630
PRJNA735693,14749629
PRJNA735693,14749628
PRJNA735693,14749627
PRJNA735693,14749626
PRJNA735693,14749625
PRJNA735693,14749624
PRJNA735693,14749623
PRJNA735693,14749622
PRJNA735693,14749621
PRJNA735693,14749620
PRJNA735693,14749619
PRJNA735693,14749618
PRJNA735693,14749617
PRJNA735693,14749616
PRJNA735693,14749615
PRJNA735693,14749614
PRJNA735693,14749613
PRJNA735693,14749612
PRJNA335844,2861989
PRJNA335844,2861988
PRJNA335844,2861987
PRJNA335844,2861986
PRJNA335844,2861985
PRJNA335844,2861984
PRJNA335844,2861983
PRJNA335844,2861982
PRJNA335844,2861981
PRJNA335844,2861980
PRJNA335844,2861979
PRJNA335844,2861978
PRJNA335844,2861977
PRJNA335844,2861976
PRJNA335844,2861975
PRJNA335844,2861974
PRJNA335844,2861973
PRJNA335844,2861972
PRJNA394256,4440013
PRJNA394256,4440012
PRJNA394256,4440011
PRJNA394256,4440010
PRJNA394256,4440009
PRJNA394256,4440008
PRJNA576974,9185008
PRJNA576974,9185007
PRJNA576974,9185006
PRJNA576974,9185005
PRJNA576974,9185004
PRJNA576974,9185003
